<annotation>
	<folder>JPEGImages</folder>
	<filename>10.jpeg</filename>
	<path>/home/user/Downloads/www.google.com/JPEGImages/10.jpeg</path>
	<source>
		<database>Unknown</database>
	</source>
	<size>
		<width>288</width>
		<height>175</height>
		<depth>3</depth>
	</size>
	<segmented>0</segmented>
	<object>
		<name>line</name>
		<pose>Unspecified</pose>
		<truncated>0</truncated>
		<difficult>0</difficult>
		<bndbox>
			<xmin>15</xmin>
			<ymin>10</ymin>
			<xmax>269</xmax>
			<ymax>164</ymax>
		</bndbox>
	</object>
</annotation>
