<annotation>
	<folder>JPEGImages</folder>
	<filename>14.jpeg</filename>
	<path>/home/user/Downloads/www.google.com/JPEGImages/14.jpeg</path>
	<source>
		<database>Unknown</database>
	</source>
	<size>
		<width>303</width>
		<height>166</height>
		<depth>3</depth>
	</size>
	<segmented>0</segmented>
	<object>
		<name>line</name>
		<pose>Unspecified</pose>
		<truncated>0</truncated>
		<difficult>0</difficult>
		<bndbox>
			<xmin>12</xmin>
			<ymin>5</ymin>
			<xmax>292</xmax>
			<ymax>137</ymax>
		</bndbox>
	</object>
</annotation>
