<annotation>
	<folder>JPEGImages</folder>
	<filename>19.jpeg</filename>
	<path>/home/user/Downloads/www.google.com/JPEGImages/19.jpeg</path>
	<source>
		<database>Unknown</database>
	</source>
	<size>
		<width>300</width>
		<height>168</height>
		<depth>3</depth>
	</size>
	<segmented>0</segmented>
	<object>
		<name>line</name>
		<pose>Unspecified</pose>
		<truncated>0</truncated>
		<difficult>0</difficult>
		<bndbox>
			<xmin>25</xmin>
			<ymin>29</ymin>
			<xmax>266</xmax>
			<ymax>160</ymax>
		</bndbox>
	</object>
</annotation>
