<annotation>
	<folder>JPEGImages</folder>
	<filename>21.jpeg</filename>
	<path>/home/user/Downloads/www.google.com/JPEGImages/21.jpeg</path>
	<source>
		<database>Unknown</database>
	</source>
	<size>
		<width>309</width>
		<height>163</height>
		<depth>3</depth>
	</size>
	<segmented>0</segmented>
	<object>
		<name>line</name>
		<pose>Unspecified</pose>
		<truncated>1</truncated>
		<difficult>0</difficult>
		<bndbox>
			<xmin>29</xmin>
			<ymin>16</ymin>
			<xmax>309</xmax>
			<ymax>138</ymax>
		</bndbox>
	</object>
</annotation>
