<annotation>
	<folder>JPEGImages</folder>
	<filename>26.jpeg</filename>
	<path>/home/user/Downloads/www.google.com/JPEGImages/26.jpeg</path>
	<source>
		<database>Unknown</database>
	</source>
	<size>
		<width>100</width>
		<height>100</height>
		<depth>3</depth>
	</size>
	<segmented>0</segmented>
	<object>
		<name>bar</name>
		<pose>Unspecified</pose>
		<truncated>1</truncated>
		<difficult>0</difficult>
		<bndbox>
			<xmin>1</xmin>
			<ymin>8</ymin>
			<xmax>51</xmax>
			<ymax>91</ymax>
		</bndbox>
	</object>
	<object>
		<name>pie</name>
		<pose>Unspecified</pose>
		<truncated>0</truncated>
		<difficult>0</difficult>
		<bndbox>
			<xmin>63</xmin>
			<ymin>15</ymin>
			<xmax>89</xmax>
			<ymax>39</ymax>
		</bndbox>
	</object>
	<object>
		<name>bar</name>
		<pose>Unspecified</pose>
		<truncated>1</truncated>
		<difficult>0</difficult>
		<bndbox>
			<xmin>70</xmin>
			<ymin>55</ymin>
			<xmax>100</xmax>
			<ymax>97</ymax>
		</bndbox>
	</object>
</annotation>
