<annotation>
	<folder>JPEGImages</folder>
	<filename>39.jpeg</filename>
	<path>/home/user/Downloads/www.google.com/JPEGImages/39.jpeg</path>
	<source>
		<database>Unknown</database>
	</source>
	<size>
		<width>220</width>
		<height>204</height>
		<depth>3</depth>
	</size>
	<segmented>0</segmented>
	<object>
		<name>pie</name>
		<pose>Unspecified</pose>
		<truncated>0</truncated>
		<difficult>0</difficult>
		<bndbox>
			<xmin>13</xmin>
			<ymin>10</ymin>
			<xmax>204</xmax>
			<ymax>194</ymax>
		</bndbox>
	</object>
</annotation>
