<annotation>
	<folder>JPEGImages</folder>
	<filename>49.jpeg</filename>
	<path>/home/user/Downloads/www.google.com/JPEGImages/49.jpeg</path>
	<source>
		<database>Unknown</database>
	</source>
	<size>
		<width>256</width>
		<height>197</height>
		<depth>3</depth>
	</size>
	<segmented>0</segmented>
	<object>
		<name>pie</name>
		<pose>Unspecified</pose>
		<truncated>0</truncated>
		<difficult>0</difficult>
		<bndbox>
			<xmin>8</xmin>
			<ymin>20</ymin>
			<xmax>205</xmax>
			<ymax>189</ymax>
		</bndbox>
	</object>
</annotation>
