<annotation>
	<folder>JPEGImages</folder>
	<filename>108.jpeg</filename>
	<path>/home/user/Downloads/www.google.com/JPEGImages/108.jpeg</path>
	<source>
		<database>Unknown</database>
	</source>
	<size>
		<width>297</width>
		<height>170</height>
		<depth>3</depth>
	</size>
	<segmented>0</segmented>
	<object>
		<name>bar</name>
		<pose>Unspecified</pose>
		<truncated>0</truncated>
		<difficult>0</difficult>
		<bndbox>
			<xmin>4</xmin>
			<ymin>13</ymin>
			<xmax>286</xmax>
			<ymax>168</ymax>
		</bndbox>
	</object>
</annotation>
