<annotation>
	<folder>JPEGImages</folder>
	<filename>110.jpeg</filename>
	<path>/home/user/Downloads/www.google.com/JPEGImages/110.jpeg</path>
	<source>
		<database>Unknown</database>
	</source>
	<size>
		<width>225</width>
		<height>224</height>
		<depth>3</depth>
	</size>
	<segmented>0</segmented>
	<object>
		<name>bar</name>
		<pose>Unspecified</pose>
		<truncated>0</truncated>
		<difficult>0</difficult>
		<bndbox>
			<xmin>11</xmin>
			<ymin>16</ymin>
			<xmax>214</xmax>
			<ymax>218</ymax>
		</bndbox>
	</object>
</annotation>
