<annotation>
	<folder>JPEGImages</folder>
	<filename>111.jpeg</filename>
	<path>/home/user/Downloads/www.google.com/JPEGImages/111.jpeg</path>
	<source>
		<database>Unknown</database>
	</source>
	<size>
		<width>279</width>
		<height>181</height>
		<depth>3</depth>
	</size>
	<segmented>0</segmented>
	<object>
		<name>bar</name>
		<pose>Unspecified</pose>
		<truncated>0</truncated>
		<difficult>0</difficult>
		<bndbox>
			<xmin>7</xmin>
			<ymin>29</ymin>
			<xmax>268</xmax>
			<ymax>155</ymax>
		</bndbox>
	</object>
</annotation>
