<annotation>
	<folder>JPEGImages</folder>
	<filename>113.jpeg</filename>
	<path>/home/user/Downloads/www.google.com/JPEGImages/113.jpeg</path>
	<source>
		<database>Unknown</database>
	</source>
	<size>
		<width>290</width>
		<height>174</height>
		<depth>3</depth>
	</size>
	<segmented>0</segmented>
	<object>
		<name>bar</name>
		<pose>Unspecified</pose>
		<truncated>0</truncated>
		<difficult>0</difficult>
		<bndbox>
			<xmin>19</xmin>
			<ymin>12</ymin>
			<xmax>286</xmax>
			<ymax>169</ymax>
		</bndbox>
	</object>
</annotation>
