<annotation>
	<folder>JPEGImages</folder>
	<filename>20.jpeg</filename>
	<path>/home/user/Downloads/www.google.com/JPEGImages/20.jpeg</path>
	<source>
		<database>Unknown</database>
	</source>
	<size>
		<width>277</width>
		<height>182</height>
		<depth>3</depth>
	</size>
	<segmented>0</segmented>
	<object>
		<name>line</name>
		<pose>Unspecified</pose>
		<truncated>1</truncated>
		<difficult>0</difficult>
		<bndbox>
			<xmin>7</xmin>
			<ymin>2</ymin>
			<xmax>277</xmax>
			<ymax>181</ymax>
		</bndbox>
	</object>
</annotation>
