<annotation>
	<folder>JPEGImages</folder>
	<filename>23.jpeg</filename>
	<path>/home/user/Downloads/www.google.com/JPEGImages/23.jpeg</path>
	<source>
		<database>Unknown</database>
	</source>
	<size>
		<width>274</width>
		<height>184</height>
		<depth>3</depth>
	</size>
	<segmented>0</segmented>
	<object>
		<name>line</name>
		<pose>Unspecified</pose>
		<truncated>0</truncated>
		<difficult>0</difficult>
		<bndbox>
			<xmin>10</xmin>
			<ymin>26</ymin>
			<xmax>253</xmax>
			<ymax>143</ymax>
		</bndbox>
	</object>
</annotation>
