<annotation>
	<folder>JPEGImages</folder>
	<filename>25.jpeg</filename>
	<path>/home/user/Downloads/www.google.com/JPEGImages/25.jpeg</path>
	<source>
		<database>Unknown</database>
	</source>
	<size>
		<width>100</width>
		<height>100</height>
		<depth>3</depth>
	</size>
	<segmented>0</segmented>
	<object>
		<name>line</name>
		<pose>Unspecified</pose>
		<truncated>1</truncated>
		<difficult>0</difficult>
		<bndbox>
			<xmin>1</xmin>
			<ymin>24</ymin>
			<xmax>100</xmax>
			<ymax>88</ymax>
		</bndbox>
	</object>
</annotation>
