<annotation>
	<folder>JPEGImages</folder>
	<filename>5.jpeg</filename>
	<path>/home/user/Downloads/www.google.com/JPEGImages/5.jpeg</path>
	<source>
		<database>Unknown</database>
	</source>
	<size>
		<width>263</width>
		<height>191</height>
		<depth>3</depth>
	</size>
	<segmented>0</segmented>
	<object>
		<name>line</name>
		<pose>Unspecified</pose>
		<truncated>1</truncated>
		<difficult>0</difficult>
		<bndbox>
			<xmin>10</xmin>
			<ymin>12</ymin>
			<xmax>263</xmax>
			<ymax>180</ymax>
		</bndbox>
	</object>
</annotation>
