<annotation>
	<folder>JPEGImages</folder>
	<filename>1.jpeg</filename>
	<path>/home/user/Downloads/www.google.com/JPEGImages/1.jpeg</path>
	<source>
		<database>Unknown</database>
	</source>
	<size>
		<width>315</width>
		<height>160</height>
		<depth>3</depth>
	</size>
	<segmented>0</segmented>
	<object>
		<name>line</name>
		<pose>Unspecified</pose>
		<truncated>0</truncated>
		<difficult>0</difficult>
		<bndbox>
			<xmin>27</xmin>
			<ymin>15</ymin>
			<xmax>274</xmax>
			<ymax>136</ymax>
		</bndbox>
	</object>
</annotation>
