<annotation>
	<folder>JPEGImages</folder>
	<filename>106.jpeg</filename>
	<path>/home/user/Downloads/www.google.com/JPEGImages/106.jpeg</path>
	<source>
		<database>Unknown</database>
	</source>
	<size>
		<width>315</width>
		<height>160</height>
		<depth>3</depth>
	</size>
	<segmented>0</segmented>
	<object>
		<name>bar</name>
		<pose>Unspecified</pose>
		<truncated>0</truncated>
		<difficult>0</difficult>
		<bndbox>
			<xmin>6</xmin>
			<ymin>29</ymin>
			<xmax>252</xmax>
			<ymax>145</ymax>
		</bndbox>
	</object>
</annotation>
