<annotation>
	<folder>JPEGImages</folder>
	<filename>109.jpeg</filename>
	<path>/home/user/Downloads/www.google.com/JPEGImages/109.jpeg</path>
	<source>
		<database>Unknown</database>
	</source>
	<size>
		<width>278</width>
		<height>182</height>
		<depth>3</depth>
	</size>
	<segmented>0</segmented>
	<object>
		<name>bar</name>
		<pose>Unspecified</pose>
		<truncated>1</truncated>
		<difficult>0</difficult>
		<bndbox>
			<xmin>18</xmin>
			<ymin>10</ymin>
			<xmax>278</xmax>
			<ymax>160</ymax>
		</bndbox>
	</object>
</annotation>
