<annotation>
	<folder>JPEGImages</folder>
	<filename>30.jpeg</filename>
	<path>/home/user/Downloads/www.google.com/JPEGImages/30.jpeg</path>
	<source>
		<database>Unknown</database>
	</source>
	<size>
		<width>275</width>
		<height>183</height>
		<depth>3</depth>
	</size>
	<segmented>0</segmented>
	<object>
		<name>pie</name>
		<pose>Unspecified</pose>
		<truncated>0</truncated>
		<difficult>0</difficult>
		<bndbox>
			<xmin>7</xmin>
			<ymin>18</ymin>
			<xmax>267</xmax>
			<ymax>166</ymax>
		</bndbox>
	</object>
</annotation>
