<annotation>
	<folder>JPEGImages</folder>
	<filename>107.jpeg</filename>
	<path>/home/user/Downloads/www.google.com/JPEGImages/107.jpeg</path>
	<source>
		<database>Unknown</database>
	</source>
	<size>
		<width>235</width>
		<height>215</height>
		<depth>3</depth>
	</size>
	<segmented>0</segmented>
	<object>
		<name>bar</name>
		<pose>Unspecified</pose>
		<truncated>1</truncated>
		<difficult>0</difficult>
		<bndbox>
			<xmin>3</xmin>
			<ymin>5</ymin>
			<xmax>235</xmax>
			<ymax>214</ymax>
		</bndbox>
	</object>
</annotation>
