<annotation>
	<folder>JPEGImages</folder>
	<filename>11.jpeg</filename>
	<path>/home/user/Downloads/www.google.com/JPEGImages/11.jpeg</path>
	<source>
		<database>Unknown</database>
	</source>
	<size>
		<width>292</width>
		<height>173</height>
		<depth>3</depth>
	</size>
	<segmented>0</segmented>
	<object>
		<name>line</name>
		<pose>Unspecified</pose>
		<truncated>0</truncated>
		<difficult>0</difficult>
		<bndbox>
			<xmin>5</xmin>
			<ymin>8</ymin>
			<xmax>288</xmax>
			<ymax>167</ymax>
		</bndbox>
	</object>
</annotation>
