<annotation>
	<folder>JPEGImages</folder>
	<filename>114.jpeg</filename>
	<path>/home/user/Downloads/www.google.com/JPEGImages/114.jpeg</path>
	<source>
		<database>Unknown</database>
	</source>
	<size>
		<width>318</width>
		<height>159</height>
		<depth>3</depth>
	</size>
	<segmented>0</segmented>
	<object>
		<name>bar</name>
		<pose>Unspecified</pose>
		<truncated>0</truncated>
		<difficult>0</difficult>
		<bndbox>
			<xmin>71</xmin>
			<ymin>23</ymin>
			<xmax>305</xmax>
			<ymax>154</ymax>
		</bndbox>
	</object>
</annotation>
