<annotation>
	<folder>JPEGImages</folder>
	<filename>33.jpeg</filename>
	<path>/home/user/Downloads/www.google.com/JPEGImages/33.jpeg</path>
	<source>
		<database>Unknown</database>
	</source>
	<size>
		<width>100</width>
		<height>100</height>
		<depth>3</depth>
	</size>
	<segmented>0</segmented>
	<object>
		<name>pie</name>
		<pose>Unspecified</pose>
		<truncated>1</truncated>
		<difficult>0</difficult>
		<bndbox>
			<xmin>4</xmin>
			<ymin>1</ymin>
			<xmax>100</xmax>
			<ymax>100</ymax>
		</bndbox>
	</object>
</annotation>
